<assembly
		xmlns:xsi="http://www.w3.org/2001/XMLSchema-instance"
		xmlns="http://maven.apache.org/plugins/maven-assembly-plugin/assembly/1.1.3"
		xsi:schemaLocation="http://maven.apache.org/plugins/maven-assembly-plugin/assembly/1.1.3 https://maven.apache.org/xsd/assembly-1.1.3.xsd">
	<id>stubs</id>
	<formats>
		<format>jar</format>
	</formats>
	<includeBaseDirectory>false</includeBaseDirectory>
	<fileSets>
		<fileSet>
			<directory>src/main/java</directory>
			<outputDirectory>/</outputDirectory>
			<includes>
				<include>**/model/Fraud*.*</include>
			</includes>
		</fileSet>
		<fileSet>
			<directory>${project.build.directory}/classes</directory>
			<outputDirectory>/</outputDirectory>
			<includes>
				<include>**/model/Fraud*.*</include>
			</includes>
		</fileSet>
		<fileSet>
			<directory>${project.build.directory}/generated-snippets/stubs</directory>
			<outputDirectory>
				META-INF/${project.groupId}/${project.artifactId}/${project.version}/mappings
			</outputDirectory>
			<includes>
				<include>**/*</include>
			</includes>
		</fileSet>
		<fileSet>
			<directory>${project.build.directory}/snippets/stubs</directory>
			<outputDirectory>
				META-INF/${project.groupId}/${project.artifactId}/${project.version}/mappings
			</outputDirectory>
			<includes>
				<include>**/*</include>
			</includes>
		</fileSet>
		<fileSet>
			<directory>${project.build.directory}/stubs</directory>
			<outputDirectory>/</outputDirectory>
			<includes>
				<include>**/*</include>
			</includes>
		</fileSet>
	</fileSets>
</assembly>
