<assembly xmlns:xsi="http://www.w3.org/2001/XMLSchema-instance"
		  xmlns="http://maven.apache.org/plugins/maven-assembly-plugin/assembly/1.1.3"
		  xsi:schemaLocation="http://maven.apache.org/plugins/maven-assembly-plugin/assembly/1.1.3 https://maven.apache.org/xsd/assembly-1.1.3.xsd">
	<id>project</id>
	<formats>
		<format>jar</format>
	</formats>
	<includeBaseDirectory>false</includeBaseDirectory>
	<fileSets>
		<fileSet>
			<directory>${project.basedir}</directory>
			<outputDirectory>/</outputDirectory>
			<useDefaultExcludes>true</useDefaultExcludes>
			<excludes>
				<exclude>**/${project.build.directory}/**</exclude>
				<exclude>mvnw</exclude>
				<exclude>mvnw.cmd</exclude>
				<exclude>.mvn/**</exclude>
				<exclude>src/**</exclude>
			</excludes>
		</fileSet>
	</fileSets>
</assembly>
