{
  "$schema": "http://json-schema.org/draft-07/schema#",
  "type": "object",
  "properties": {
    "post-office-box": {
      "type": "string"
    },
    "extended-address": {
      "type": "string"
    },
    "street-address": {
      "type": "string"
    },
    "locality": {
      "type": "string"
    },
    "region": {
      "type": "string"
    },
    "postal-code": {
      "type": "string"
    },
    "country-name": {
      "type": "string"
    }
  },
  "required": [ "locality", "region", "country-name" ],
  "dependencies": {
    "post-office-box": [ "street-address" ],
    "extended-address": [ "street-address" ]
  }
}